country,country_code,year,value
Argentina,ARG,2023,26.6769512482215
Argentina,ARG,2022,31.5801792606256
Argentina,ARG,2021,33.078689567466
Argentina,ARG,2020,30.203698807416
Argentina,ARG,2019,32.6306150458499
Argentina,ARG,2018,30.7625359549926
Argentina,ARG,2017,25.2896011376779
Argentina,ARG,2016,26.0938878488799
Argentina,ARG,2015,22.4862260889792
Argentina,ARG,2014,28.4067936452275
Argentina,ARG,2013,29.3339290021037
Argentina,ARG,2012,30.5265423717108
Argentina,ARG,2011,35.2061549999644
Argentina,ARG,2010,34.9710132635696
Argentina,ARG,2009,34.0571269054879
Argentina,ARG,2008,40.4026733790382
Argentina,ARG,2007,40.945170618571
Argentina,ARG,2006,40.4334798719151
Argentina,ARG,2005,40.5512709706238
Argentina,ARG,2004,40.692646108947
Argentina,ARG,2003,40.6447480311085
Argentina,ARG,2002,41.7527243585642
Argentina,ARG,2001,21.8522554515453
Argentina,ARG,2000,22.6224447777343
Argentina,ARG,1999,21.3827449624898
Argentina,ARG,1998,23.3500279730689
Argentina,ARG,1997,23.3361788437439
Argentina,ARG,1996,21.5064684057215
Argentina,ARG,1995,19.7714230903755
Argentina,ARG,1994,18.1343458669981
Argentina,ARG,1993,16.223151447784
Argentina,ARG,1992,14.730980586353
Argentina,ARG,1991,13.7530541588891
Argentina,ARG,1990,14.9908589999441
Argentina,ARG,1989,19.6377977018838
Argentina,ARG,1988,15.743458608705
Argentina,ARG,1987,15.448969882952
Argentina,ARG,1986,14.4860327921395
Argentina,ARG,1985,18.009425070688
Argentina,ARG,1984,12.3463814292217
Argentina,ARG,1983,14.9876701068591
Argentina,ARG,1982,15.6114860999886
Argentina,ARG,1981,14.2929774788834
Argentina,ARG,1980,11.5456724606844
Argentina,ARG,1979,12.8406846411368
Argentina,ARG,1978,14.3237963724369
Argentina,ARG,1977,16.942286567935
Argentina,ARG,1976,15.0968846242519
Argentina,ARG,1975,11.8027242947756
Argentina,ARG,1974,13.1915798576321
Argentina,ARG,1973,13.3221685115576
Argentina,ARG,1972,14.0356431972715
Argentina,ARG,1971,12.6151889155439
Argentina,ARG,1970,10.3374440809233
Argentina,ARG,1969,12.7974266330598
Argentina,ARG,1968,11.8881648852942
Argentina,ARG,1967,12.4926603729179
Argentina,ARG,1966,11.6426054171411
Argentina,ARG,1965,10.3764574099485
Argentina,ARG,1964,11.1274296795488
Argentina,ARG,1963,15.7809062353749
Argentina,ARG,1962,14.0755256495637
Argentina,ARG,1961,11.9898923109727
Argentina,ARG,1960,15.2080960873797
United States,USA,2023,25.2903297883366
United States,USA,2022,27.3139397355363
United States,USA,2021,25.6095576621932
United States,USA,2020,23.4015629969394
United States,USA,2019,26.4537594940475
United States,USA,2018,27.6103792720958
United States,USA,2017,27.3130208877206
United States,USA,2016,26.6079620604584
United States,USA,2015,27.8235649187872
United States,USA,2014,30.0044781614855
United States,USA,2013,30.0079539684645
United States,USA,2012,30.6818353657295
United States,USA,2011,30.8424862411943
United States,USA,2010,28.2198952346731
United States,USA,2009,24.7595311689876
United States,USA,2008,29.8677957945319
United States,USA,2007,28.0120176822667
United States,USA,2006,26.9752780973197
United States,USA,2005,25.6385530316517
United States,USA,2004,24.4480622643257
United States,USA,2003,22.6273130062789
United States,USA,2002,22.2863741094897
United States,USA,2001,22.967181335596
United States,USA,2000,25.1029953595813
United States,USA,1999,23.3135637046602
United States,USA,1998,22.8258909523693
United States,USA,1997,23.4283210916839
United States,USA,1996,22.6870719902412
United States,USA,1995,22.4533816490568
United States,USA,1994,21.0554591617453
United States,USA,1993,20.0446187019752
United States,USA,1992,19.9505945023923
United States,USA,1991,19.7864481240974
United States,USA,1990,19.8150673537315
United States,USA,1989,19.4151106604887
United States,USA,1988,19.0701007058615
United States,USA,1987,17.9735809845702
United States,USA,1986,16.8979771514343
United States,USA,1985,16.603906126303
United States,USA,1984,17.5224074224053
United States,USA,1983,16.6655934803103
United States,USA,1982,17.5368122809184
United States,USA,1981,19.4259131704272
United States,USA,1980,20.1098446894226
United States,USA,1979,18.3761632042836
United States,USA,1978,16.9728342289651
United States,USA,1977,16.4178946751554
United States,USA,1976,16.0488456356637
United States,USA,1975,15.5163736331565
United States,USA,1974,16.4449863225396
United States,USA,1973,13.0792155894304
United States,USA,1972,11.3406196496001
United States,USA,1971,10.7571790359274
United States,USA,1970,10.7582854049602
Germany,DEU,2023,81.9625483787634
Germany,DEU,2022,88.7857542130501
Germany,DEU,2021,79.9195348609851
Germany,DEU,2020,72.9335327120137
Germany,DEU,2019,79.0732427175683
Germany,DEU,2018,79.1252260463654
Germany,DEU,2017,77.4548394742448
Germany,DEU,2016,76.0059902166055
Germany,DEU,2015,77.7565815686922
Germany,DEU,2014,76.8483516336234
Germany,DEU,2013,77.5860288576931
Germany,DEU,2012,79.3316495670315
Germany,DEU,2011,78.433002901442
Germany,DEU,2010,73.8852351200263
Germany,DEU,2009,66.1391275757126
Germany,DEU,2008,76.1131665945746
Germany,DEU,2007,74.8838416816798
Germany,DEU,2006,72.7591934646234
Germany,DEU,2005,66.9531024934321
Germany,DEU,2004,62.9064909465164
Germany,DEU,2003,58.9145442942507
Germany,DEU,2002,58.3325687248129
Germany,DEU,2001,59.5592863682118
Germany,DEU,2000,59.1955992975405
Germany,DEU,1999,51.519227436406
Germany,DEU,1998,50.1554657792327
Germany,DEU,1997,48.380321068738
Germany,DEU,1996,43.903586095325
Germany,DEU,1995,42.6061486475818
Germany,DEU,1994,41.0957443335763
Germany,DEU,1993,39.7493939704326
Germany,DEU,1992,44.6840440028306
Germany,DEU,1991,47.6354131979568
Germany,DEU,1990,45.6889546847935
Germany,DEU,1989,45.0439093136764
Germany,DEU,1988,42.3646595340436
Germany,DEU,1987,41.5307858013658
Germany,DEU,1986,42.7811833269648
Germany,DEU,1985,47.7335836710439
Germany,DEU,1984,46.0675396820961
Germany,DEU,1983,43.4106902096364
Germany,DEU,1982,44.2197597003201
Germany,DEU,1981,44.0162662404343
Germany,DEU,1980,41.6963442221306
Germany,DEU,1979,39.0764801078976
Germany,DEU,1978,37.0396689635279
Germany,DEU,1977,37.9596069317502
Germany,DEU,1976,38.2248036597616
Germany,DEU,1975,35.770694065614
Germany,DEU,1974,36.8123365227823
Germany,DEU,1973,31.5828194707613
Germany,DEU,1972,30.6162474270584
Germany,DEU,1971,30.7269071881612
Germany,DEU,1970,31.5904531520063
Singapore,SGP,2023,325.69322405378
Singapore,SGP,2022,332.34956775484
Singapore,SGP,2021,329.161383683762
Singapore,SGP,2020,332.040805481913
Singapore,SGP,2019,324.394985115301
Singapore,SGP,2018,326.59658728675
Singapore,SGP,2017,316.794409287568
Singapore,SGP,2016,302.839656046574
Singapore,SGP,2015,329.471398940262
Singapore,SGP,2014,360.467319166237
Singapore,SGP,2013,367.041780049019
Singapore,SGP,2012,369.212965787665
Singapore,SGP,2011,379.098631377539
Singapore,SGP,2010,369.685555787646
Singapore,SGP,2009,358.192811828842
Singapore,SGP,2008,437.326714891057
Singapore,SGP,2007,394.288471919078
Singapore,SGP,2006,425.363399543019
Singapore,SGP,2005,420.430512920559
Singapore,SGP,2004,401.523712538509
Singapore,SGP,2003,377.218564301581
Singapore,SGP,2002,349.746013985676
Singapore,SGP,2001,349.292105694978
Singapore,SGP,2000,364.364520468218
Singapore,SGP,1999,336.484846412882
Singapore,SGP,1998,312.079255674686
Singapore,SGP,1997,323.86442214814
Singapore,SGP,1996,334.911163288092
Singapore,SGP,1995,345.459263895462
Singapore,SGP,1994,316.216547584567
Singapore,SGP,1993,313.416139807665
Singapore,SGP,1992,311.312267281518
Singapore,SGP,1991,323.887994825751
Singapore,SGP,1990,344.33221784507
Singapore,SGP,1989,347.5726856798
Singapore,SGP,1988,359.867159003075
Singapore,SGP,1987,325.038474626505
Singapore,SGP,1986,294.826460468494
Singapore,SGP,1985,304.14484567871
Singapore,SGP,1984,313.123526254242
Singapore,SGP,1983,333.147038730359
Singapore,SGP,1982,372.537167610326
Singapore,SGP,1981,399.778268318397
Singapore,SGP,1980,410.936775211058
Singapore,SGP,1979,375.010406221028
Singapore,SGP,1978,334.601961019556
Singapore,SGP,1977,326.983709610351
Singapore,SGP,1976,305.899996000906
Singapore,SGP,1975,283.570185086716
Singapore,SGP,1974,313.964960955157
Singapore,SGP,1973,245.728962253261
Singapore,SGP,1972,229.053394842393
Singapore,SGP,1971,259.296670947633
Singapore,SGP,1970,271.059479870053
Singapore,SGP,1969,273.697675791628
Singapore,SGP,1968,256.800476583265
Singapore,SGP,1967,235.934985091955
Singapore,SGP,1966,253.777857227982
Singapore,SGP,1965,257.54122536533
Singapore,SGP,1964,255.030688294608
Singapore,SGP,1963,296.88145247419
Singapore,SGP,1962,286.644526153481
Singapore,SGP,1961,299.401888324006
Singapore,SGP,1960,339.30657272643
China,CHN,2023,36.1051923691138
China,CHN,2022,37.440719876366
China,CHN,2021,36.5206911762676
China,CHN,2020,34.0389507864581
China,CHN,2019,35.1994202738836
China,CHN,2018,36.8943843914718
China,CHN,2017,36.95085261586
China,CHN,2016,36.177170692978
China,CHN,2015,38.6971848362625
China,CHN,2014,44.0684564812532
China,CHN,2013,45.9160413795571
China,CHN,2012,47.4802130784317
China,CHN,2011,49.9458272253643
China,CHN,2010,49.8540722338977
China,CHN,2009,44.4197644331119
China,CHN,2008,56.7111330003209
China,CHN,2007,61.2664640006176
China,CHN,2006,63.5695798621627
China,CHN,2005,61.3600749408237
China,CHN,2004,58.6403340408439
China,CHN,2003,51.0774801301803
China,CHN,2002,42.1944423387413
China,CHN,2001,38.0826469518334
China,CHN,2000,39.0109424774998
China,CHN,1999,33.2255380760054
China,CHN,1998,32.1717399357488
China,CHN,1997,34.3135763220021
China,CHN,1996,33.6287512313005
China,CHN,1995,34.1049521589323
China,CHN,1994,35.605463524878
China,CHN,1993,35.9086416582146
China,CHN,1992,30.0340940533808
China,CHN,1991,25.8729814947102
China,CHN,1990,24.2259824799678
China,CHN,1989,25.061554891412
China,CHN,1988,30.0133389183239
China,CHN,1987,24.8138336744697
China,CHN,1986,19.8450541369327
China,CHN,1985,20.6743372843961
China,CHN,1984,18.9963398130909
China,CHN,1983,17.886713506127
China,CHN,1982,19.6554747616457
China,CHN,1981,23.7438255910369
China,CHN,1980,21.5410562047131
China,CHN,1979,16.5186070559018
China,CHN,1978,15.3969242292662
China,CHN,1977,9.32019932240708
China,CHN,1976,9.59190335673938
China,CHN,1975,9.97608739521729
China,CHN,1974,10.3375065660458
China,CHN,1973,8.08353927809897
China,CHN,1972,5.66747218523763
China,CHN,1971,4.94556999727203
China,CHN,1970,4.82548633004292
China,CHN,1969,4.94137678904207
China,CHN,1968,5.57889818889779
China,CHN,1967,5.58233749508179
China,CHN,1966,5.92798922996829
China,CHN,1965,5.89947047155192
China,CHN,1964,5.71690657135873
China,CHN,1963,5.66206229848909
China,CHN,1962,5.56552301863999
China,CHN,1961,5.80854553672362
China,CHN,1960,6.30557627967827
