pais,codigo,anio,cuenta_corriente_pib
Alemania,DEU,1980,-1.8
Alemania,DEU,1981,-0.7
Alemania,DEU,1982,0.9
Alemania,DEU,1983,0.7
Alemania,DEU,1984,1.4
Alemania,DEU,1985,2.7
Alemania,DEU,1986,4.0
Alemania,DEU,1987,3.7
Alemania,DEU,1988,4.3
Alemania,DEU,1989,4.7
Alemania,DEU,1990,3.1
Alemania,DEU,1991,-1.2
Alemania,DEU,1992,-1.0
Alemania,DEU,1993,-0.8
Alemania,DEU,1994,-1.3
Alemania,DEU,1995,-1.1
Alemania,DEU,1996,-0.5
Alemania,DEU,1997,-0.3
Alemania,DEU,1998,-0.5
Alemania,DEU,1999,-1.2
Alemania,DEU,2000,-1.5
Alemania,DEU,2001,-0.2
Alemania,DEU,2002,2.0
Alemania,DEU,2003,1.5
Alemania,DEU,2004,4.5
Alemania,DEU,2005,4.7
Alemania,DEU,2006,5.8
Alemania,DEU,2007,6.7
Alemania,DEU,2008,5.6
Alemania,DEU,2009,5.8
Alemania,DEU,2010,5.7
Alemania,DEU,2011,6.3
Alemania,DEU,2012,7.2
Alemania,DEU,2013,6.7
Alemania,DEU,2014,7.2
Alemania,DEU,2015,8.1
Alemania,DEU,2016,8.9
Alemania,DEU,2017,8.1
Alemania,DEU,2018,8.4
Alemania,DEU,2019,7.9
Alemania,DEU,2020,6.3
Alemania,DEU,2021,6.9
Alemania,DEU,2022,3.8
Alemania,DEU,2023,5.5
Alemania,DEU,2024,5.6
Alemania,DEU,2025,5.4
Alemania,DEU,2026,5.1
Alemania,DEU,2027,4.8
Alemania,DEU,2028,4.5
Alemania,DEU,2029,4.3
Alemania,DEU,2030,4.2
Argentina,ARG,1980,-1.1
Argentina,ARG,1981,-3.0
Argentina,ARG,1982,-3.1
Argentina,ARG,1983,-2.1
Argentina,ARG,1984,-1.9
Argentina,ARG,1985,-1.0
Argentina,ARG,1986,-2.4
Argentina,ARG,1987,-3.5
Argentina,ARG,1988,-1.1
Argentina,ARG,1989,1.2
Argentina,ARG,1990,3.0
Argentina,ARG,1991,-0.2
Argentina,ARG,1992,-2.5
Argentina,ARG,1993,-3.0
Argentina,ARG,1994,-3.8
Argentina,ARG,1995,-1.8
Argentina,ARG,1996,-2.4
Argentina,ARG,1997,-3.8
Argentina,ARG,1998,-4.4
Argentina,ARG,1999,-3.8
Argentina,ARG,2000,-2.9
Argentina,ARG,2001,-1.3
Argentina,ARG,2002,7.7
Argentina,ARG,2003,5.6
Argentina,ARG,2004,1.8
Argentina,ARG,2005,2.5
Argentina,ARG,2006,2.8
Argentina,ARG,2007,2.1
Argentina,ARG,2008,1.5
Argentina,ARG,2009,2.2
Argentina,ARG,2010,-0.4
Argentina,ARG,2011,-1.0
Argentina,ARG,2012,-0.4
Argentina,ARG,2013,-2.1
Argentina,ARG,2014,-1.6
Argentina,ARG,2015,-2.7
Argentina,ARG,2016,-2.7
Argentina,ARG,2017,-4.8
Argentina,ARG,2018,-5.2
Argentina,ARG,2019,-0.8
Argentina,ARG,2020,0.7
Argentina,ARG,2021,1.4
Argentina,ARG,2022,-0.6
Argentina,ARG,2023,-3.2
Argentina,ARG,2024,0.9
Argentina,ARG,2025,-1.2
Argentina,ARG,2026,-0.4
Argentina,ARG,2027,-0.2
Argentina,ARG,2028,-0.2
Argentina,ARG,2029,0.0
Argentina,ARG,2030,0.3
China,CHN,1997,3.8
China,CHN,1998,3.0
China,CHN,1999,1.9
China,CHN,2000,1.7
China,CHN,2001,1.3
China,CHN,2002,2.4
China,CHN,2003,2.6
China,CHN,2004,3.5
China,CHN,2005,5.7
China,CHN,2006,8.3
China,CHN,2007,9.8
China,CHN,2008,9.0
China,CHN,2009,4.7
China,CHN,2010,3.9
China,CHN,2011,1.8
China,CHN,2012,2.5
China,CHN,2013,1.5
China,CHN,2014,2.2
China,CHN,2015,2.6
China,CHN,2016,1.7
China,CHN,2017,1.5
China,CHN,2018,0.2
China,CHN,2019,0.7
China,CHN,2020,1.6
China,CHN,2021,1.9
China,CHN,2022,2.4
China,CHN,2023,1.4
China,CHN,2024,2.3
China,CHN,2025,3.3
China,CHN,2026,2.8
China,CHN,2027,2.5
China,CHN,2028,2.4
China,CHN,2029,2.2
China,CHN,2030,2.1
Estados Unidos,USA,1980,0.1
Estados Unidos,USA,1981,0.2
Estados Unidos,USA,1982,-0.2
Estados Unidos,USA,1983,-1.1
Estados Unidos,USA,1984,-2.3
Estados Unidos,USA,1985,-2.7
Estados Unidos,USA,1986,-3.2
Estados Unidos,USA,1987,-3.3
Estados Unidos,USA,1988,-2.3
Estados Unidos,USA,1989,-1.8
Estados Unidos,USA,1990,-1.3
Estados Unidos,USA,1991,0.0
Estados Unidos,USA,1992,-0.8
Estados Unidos,USA,1993,-1.2
Estados Unidos,USA,1994,-1.7
Estados Unidos,USA,1995,-1.5
Estados Unidos,USA,1996,-1.5
Estados Unidos,USA,1997,-1.6
Estados Unidos,USA,1998,-2.4
Estados Unidos,USA,1999,-3.0
Estados Unidos,USA,2000,-3.9
Estados Unidos,USA,2001,-3.7
Estados Unidos,USA,2002,-4.2
Estados Unidos,USA,2003,-4.6
Estados Unidos,USA,2004,-5.2
Estados Unidos,USA,2005,-5.7
Estados Unidos,USA,2006,-5.9
Estados Unidos,USA,2007,-5.1
Estados Unidos,USA,2008,-4.7
Estados Unidos,USA,2009,-2.6
Estados Unidos,USA,2010,-2.9
Estados Unidos,USA,2011,-2.9
Estados Unidos,USA,2012,-2.6
Estados Unidos,USA,2013,-2.0
Estados Unidos,USA,2014,-2.1
Estados Unidos,USA,2015,-2.2
Estados Unidos,USA,2016,-2.1
Estados Unidos,USA,2017,-1.9
Estados Unidos,USA,2018,-2.1
Estados Unidos,USA,2019,-2.1
Estados Unidos,USA,2020,-2.8
Estados Unidos,USA,2021,-3.6
Estados Unidos,USA,2022,-3.8
Estados Unidos,USA,2023,-3.3
Estados Unidos,USA,2024,-4.0
Estados Unidos,USA,2025,-4.0
Estados Unidos,USA,2026,-3.6
Estados Unidos,USA,2027,-3.6
Estados Unidos,USA,2028,-3.6
Estados Unidos,USA,2029,-3.6
Estados Unidos,USA,2030,-3.5
